User Id, First and Last Name, Version, Insurance Company
1,Aurore Backhurst,"Bottomline Technologies, Inc."
2,Pepillo Eagan,Tuttle Tactical Management Multi-Strategy Income ETF
1,Aurore Maiden,"Bottomline Technologies, Inc.",2
1,Aurore Fronthurst,"Bottomline Technologies, Inc.",3
3,Merla Yendle,"Neurocrine Biosciences, Inc."
4,Rayshell MacAndrew,"Jones Energy, Inc."
5,Rockie Mathiasen,"Saia, Inc."
6,Vassily Sterman,Farmland Partners Inc.
7,Gottfried Seamen,Skyline Medical Inc.
8,Jaquelin Connechie,Peoples Financial Corporation
9,Berkeley Dunstall,Xcerra Corporation
10,Bank Haulkham,Two Harbors Investments Corp
11,Powell Grancher,Cadence Bancorporation
12,Zitella Itzhaiek,ClearSign Combustion Corporation
13,Skelly Simonel,Discover Financial Services
14,Dickie Thonger,"CVR Partners, LP"
15,Alfi Freckelton,E.I. du Pont de Nemours and Company
16,Bent Farnsworth,Shire plc
17,Philbert Haithwaite,ClearBridge Energy MLP Opportunity Fund Inc.
18,Lotty Tenbrug,Stellar Acquisition III Inc.
19,Clotilda Sola,J P Morgan Chase & Co
20,Chance Welbourn,Sanofi
21,Lorens Pengelly,Enbridge Inc
22,Geno Hamson,Textainer Group Holdings Limited
23,Jessalyn Durrance,Flex Ltd.
24,Jacquette Prestage,Allstate Corporation (The)
25,Ulric Maddock,Paylocity Holding Corporation
26,Ailbert Birchill,"Universal Health Services, Inc."
27,Audra Timbs,"Frequency Electronics, Inc."
28,Lesya Lamanby,"Popular, Inc."
29,Leroy Lyddon,Blackrock Municipal Bond Trust
30,Allie Weeke,Allstate Corporation (The)
31,Cristine Sibbald,TopBuild Corp.
32,Terrence Vampouille,Harvest Capital Credit Corporation
33,Rosanne Melville,"Evertec, Inc."
34,Celestia Gatlin,Actua Corporation
35,Jeannie McFeat,Principal Price Setters Index ETF
36,Marlo Mattaser,ACNB Corporation
37,Drew Duckhouse,"Marrone Bio Innovations, Inc."
38,Joyce Bursell,"ARMOUR Residential REIT, Inc."
39,Matias Delamere,"MuleSoft, Inc."
40,Georges Tallboy,Medley Capital Corporation
41,Shep Blyde,"Owens-Illinois, Inc."
42,Reuven McCreath,Citigroup Inc.
43,Sonni Blazewicz,International Speedway Corporation
44,Haleigh Gerb,Capital One Financial Corporation
45,Joelynn Collacombe,"Sunesis Pharmaceuticals, Inc."
46,Tania Feldbau,"Smith & Nephew SNATS, Inc."
47,Phineas De Morena,"SharpSpring, Inc."
48,Dalia Wark,MEDIFAST INC
49,Clayton Ballefant,"Nexeo Solutions, Inc."
50,Rana Culwen,JinkoSolar Holding Company Limited
51,Hoebart Finnimore,EDAP TMS S.A.
52,Marilin Hulles,Nuveen Floating Rate Income Fund
53,Kiersten Beggi,Trecora Resources
54,Shelia Mew,Liberty Media Corporation
55,Bea Rittelmeyer,Canadian National Railway Company
56,Finn Brandsen,"Just Energy Group, Inc."
57,Frieda Bushen,"Flex Pharma, Inc."
58,Zelig Shewan,voxeljet AG
59,Neila Sangster,"MYR Group, Inc."
60,Olin Legister,"Corbus Pharmaceuticals Holdings, Inc."
61,Harriot Hofer,First Trust NASDAQ Technology Dividend Index Fund
62,Renata Orteau,"Synacor, Inc."
63,Maible Benner,iPath US Treasury Long Bond Bull ETN
64,Del Corro,Lianluo Smart Limited
65,Margarette Lichtfoth,FB Financial Corporation
66,Susannah Helm,"Cyclacel Pharmaceuticals, Inc."
67,Huey McComb,VOC Energy Trust
68,Eulalie Pavolillo,VTTI Energy Partners LP
69,Lefty Foulger,OM Asset Management plc
70,Bambi Ellit,"Stoneridge, Inc."
71,Ola Enriques,EMCORE Corporation
72,Ulrich Duncanson,"Forum Energy Technologies, Inc."
73,Keenan Jakov,OGE Energy Corporation
74,Pacorro Coppock.,"Boot Barn Holdings, Inc."
75,Abra Walaron,"MOCON, Inc."
76,Tom Canelas,Renasant Corporation
77,Jocko Flag,Cenveo Inc
78,Danella Andell,"Sky Solar Holdings, Ltd."
79,Joly Samwaye,PIMCO Income Strategy Fund II
80,Cecily Wartonby,Citigroup Inc.
81,Waylan Dighton,"QTS Realty Trust, Inc."
82,Margi Turmall,"W.W. Grainger, Inc."
83,Shandy Tinman,"Gray Television, Inc."
84,Leif Trittam,"Gabelli Equity Trust, Inc. (The)"
85,Shep Flitcroft,Tejon Ranch Co
86,Timmy Hughes,"Computer Task Group, Incorporated"
87,Emmeline Sturdy,Sherwin-Williams Company (The)
88,Saree Probate,MSCI Inc
89,Burton Artz,"Diplomat Pharmacy, Inc."
90,Immanuel Bagguley,Penn Virginia Corporation
91,Thadeus Rockhall,iShares Asia 50 ETF
92,Emmery Walworche,Gemphire Therapeutics Inc.
93,Justinian Undrill,"Blackrock MuniYield New Jersey Fund, Inc."
94,Chelsie Drance,Nationstar Mortgage Holdings Inc.
95,Isadora Newbury,"Synchronoss Technologies, Inc."
96,Eudora McClifferty,RiceBran Technologies
97,Jolyn McLarens,Golar LNG Limited
98,Lexy Lowdwell,"RF Industries, Ltd."
99,Noah Manby,iShares MSCI EAFE Small-Cap ETF
100,Hollie Quincee,Ligand Pharmaceuticals Incorporated
101,Logan Jenson,Tuesday Morning Corp.
102,Fredelia Bloxland,"BeiGene, Ltd."
103,Gillian Corss,Tower Semiconductor Ltd.
104,Leyla Jaquest,Boston Scientific Corporation
105,Jerrylee Huebner,J P Morgan Chase & Co
106,Edin Dabinett,Northern Trust Corporation
107,Barny Leigh,Park-Ohio Holdings Corp.
108,Caressa Cecchi,"Provident Bancorp, Inc."
109,Yanaton Hughland,"Innovative Industrial Properties, Inc."
110,Donny Baggarley,New Home Company Inc. (The)
111,Brietta Sheppey,"Intevac, Inc."
112,Ferdie Wallicker,Handy & Harman Ltd.
113,Juliane Jepperson,China TechFaith Wireless Communication Technology Limited
114,Doreen Braunston,"Gulf Resources, Inc."
115,Nickie Thumim,Potlatch Corporation
116,Ellette Jenner,Teleflex Incorporated
117,Myrtie Kilshall,Eaton Vance Enhance Equity Income Fund
118,Marty Kenrack,"Provident Bancorp, Inc."
119,Carce Snooks,"World Point Terminals, LP"
120,Stern Hefforde,"Innovative Solutions and Support, Inc."
121,Joceline Nower,Humana Inc.
122,Wendell Futty,Portland General Electric Company
123,Dru Wotton,"CHF Solutions, Inc."
124,Thomasa Sessuns,"Dicerna Pharmaceuticals, Inc."
125,Coraline Cromar,Grupo Financiero Galicia S.A.
126,Kippie Farn,PBF Energy Inc.
127,Letti Watting,"Ambac Financial Group, Inc."
128,Rurik Merry,Drive Shack Inc.
129,Rubi Vossing,"Becton, Dickinson and Company"
130,Glad Condliffe,Resolute Energy Corporation
131,Temple Cinavas,Cytosorbents Corporation
132,Diane-marie Impy,"Bridgeline Digital, Inc."
133,Paloma Fownes,Prudential Public Limited Company
134,Judah Inglesant,"Spirit Airlines, Inc."
135,Waite Vasishchev,EXCO Resources NL
136,Imelda Chaney,"Maxwell Technologies, Inc."
137,Nick Grindle,Noble Midstream Partners LP
138,Elvera Stoodale,"Ambac Financial Group, Inc."
139,Elane Dyneley,"Stock Yards Bancorp, Inc."
140,Benn Kaindl,Weibo Corporation
141,Selena Alebrooke,"WCF Bancorp, Inc."
142,Fleur Guisby,"Blackrock MuniYield California Fund, Inc."
143,Tucker Gooderham,Antero Midstream Partners LP
144,Adham Geraudel,"Eiger BioPharmaceuticals, Inc."
145,Junie Sheer,iShares S&P Emerging Markets Infrastructure Index Fund
146,Carine Baily,Honeywell International Inc.
147,Albrecht Simakov,Goldman Sachs MLP Income Opportunities Fund
148,Agosto Naden,"Nu Skin Enterprises, Inc."
149,Brandyn Gair,Hillenbrand Inc
150,Vanessa Raftery,"A V Homes, Inc."
151,Meredith Meere,TCP Capital Corp.
152,Morse Louis,"Texas Roadhouse, Inc."
153,Penn Eggleton,"Inventure Foods, Inc."
154,Fergus Rowantree,First Trust High Income Long Short Fund
155,Letti Gatrill,Steelcase Inc.
156,Brock McKenzie,"Blackrock MuniYield Fund, Inc."
157,Ulberto Flori,Hoegh LNG Partners LP
158,Wittie Grishankov,"Caseys General Stores, Inc."
159,Aguie Drinkhill,"Electro-Sensors, Inc."
160,Jayme Acors,DDR Corp.
161,Cyrus Deble,Pioneer Floating Rate Trust
162,Pippy Olenchikov,"USA Technologies, Inc."
163,Kirby Canas,Buenaventura Mining Company Inc.
164,Kalie Simeons,JM Global Holding Company
165,Leah Crosseland,Terreno Realty Corporation
166,Shelley Corteis,Park Hotels & Resorts Inc.
167,Marcelle Krojn,Black Hills Corporation
168,Davidson Coldman,"Kinder Morgan, Inc."
169,Vilma Deverock,Egalet Corporation
170,Ernestus Launchbury,"Codorus Valley Bancorp, Inc"
171,Stephine Stratford,Syngenta AG
172,Didi Whenman,Xactly Corporation
173,Norby Puzey,"Blackrock MuniHoldings New York Quality Fund, Inc."
174,Catharine Ivanchov,Guggenheim Strategic Opportunities Fund
175,Claire Stanney,"Liberty Expedia Holdings, Inc."
176,Eugenia Kinnaird,RADA Electronic Industries Ltd.
177,Marlin Went,"Sophiris Bio, Inc."
178,Kenn Beacham,Bank of South Carolina Corp.
179,Yankee McTrusty,Rowan Companies plc
180,Darelle Ashmole,"iRhythm Technologies, Inc."
181,Ramonda Melsome,PowerShares BuyBack Achievers Portfolio
182,Sybila Deaton,Goldman Sachs MLP Energy Renaissance Fund
183,Kaylil Orwell,AllianzGI Diversified Income & Convertible Fund
184,Noach Mate,"Pinnacle Financial Partners, Inc."
185,Hilario Pietasch,"Aqua America, Inc."
186,Chevalier Showte,"Eyegate Pharmaceuticals, Inc."
187,Lanny Mackelworth,"Maxwell Technologies, Inc."
188,Tabina Askin,"Goldman Sachs Group, Inc. (The)"
189,Bev Drewry,"Smith Micro Software, Inc."
190,Ingunna Wallhead,"Ross Stores, Inc."
191,Kit Snowsill,BRF S.A.
192,Damien Redshaw,Gladstone Capital Corporation
193,Norbie Stode,Royal Bank Of Canada
194,Carmine Pesek,KKR Real Estate Finance Trust Inc.
195,Whitney Tweddle,DRDGOLD Limited
196,Roderich Daborne,Callon Petroleum Company
197,Eugen Mertin,"Myriad Genetics, Inc."
198,Burtie Von Gladbach,CSI Compressco LP
199,Etti Pharaoh,"Blackrock MuniHoldings Quality Fund II, Inc."
200,Agneta Riby,Cincinnati Financial Corporation
201,Marcos McCoole,"BCB Bancorp, Inc. (NJ)"
202,Zita Swinglehurst,Scotts Miracle-Gro Company (The)
203,Christy Blunn,"Genesis Healthcare, Inc."
204,Lucine Ravenhill,"Voya Financial, Inc."
205,Audre Stollmeyer,Dextera Surgical Inc.
206,Hieronymus Craw,First Trust Indxx Global Natural Resources Income ETF
207,Morly Spacy,"AMERIPRISE FINANCIAL SERVICES, INC."
208,Fields Mewes,"Cempra, Inc."
209,Odele Gatheridge,WisdomTree Emerging Markets Quality Dividend Growth Fund
210,Susanna Feldberger,"Synthetic Fixed-Income Securities, Inc."
211,Jacintha Mattiato,BlackRock Municipal Target Term Trust Inc. (The)
212,Marco McArdle,Aceto Corporation
213,Essy Stove,Aon plc
214,Kari Vaulkhard,"Summit Midstream Partners, LP"
215,Robby Rosenfrucht,Nuveen Credit Strategies Income Fund
216,Colas Clulow,ProShares Ultra Nasdaq Biotechnology
217,Adrian Laxon,China Zenix Auto International Limited
218,Erin Polleye,"Golub Capital BDC, Inc."
219,Rollo Collingdon,"Armstrong Flooring, Inc."
220,Sissie Dorcey,Alliance Data Systems Corporation
221,Normy Lyston,"Nautilus Group, Inc. (The)"
222,Sher Downgate,"The Herzfeld Caribbean Basin Fund, Inc."
223,Beaufort Brymner,Albany International Corporation
224,Myles Linwood,RELX PLC
225,Jae Vasler,Vodafone Group Plc
226,Merrel Murcutt,National General Holdings Corp
227,Lexy Asplin,"Waddell & Reed Financial, Inc."
228,Beulah Conville,"ViaSat, Inc."
229,Marlane McArley,Christopher & Banks Corporation
230,Quentin Halle,TravelCenters of America LLC
231,Klarrisa Gasparro,"Western Asset Managed Municipals Fund, Inc."
232,Ransell Kenton,Murphy Oil Corporation
233,Hyatt Cormack,"Sigma Labs, Inc."
234,Wilow Steffan,"Manitowoc Company, Inc. (The)"
235,Orrin Inkle,"Odyssey Marine Exploration, Inc."
236,Solly Corstan,ChannelAdvisor Corporation
237,Alia Fenkel,"AmTrust Financial Services, Inc."
238,Lacey Ockwell,Global X SuperDividend REIT ETF
239,Barbaraanne Pavel,Lockheed Martin Corporation
240,Kitti Tallon,"Cogentix Medical, Inc."
241,Odelinda Dudding,"Guaranty Bancshares, Inc."
242,Spenser Sazio,MSB Financial Corp.
243,Clarie Valentine,"EnerNOC, Inc."
244,Sutherland Stoll,Cowen Inc.
245,Nonah Manthorpe,Nuveen Municipal High Income Opportunity Fund
246,Elsbeth Course,Innodata Inc.
247,Sada Cuzen,"LegacyTexas Financial Group, Inc."
248,Guillema Bowring,Caesars Acquisition Company
249,Markos Chark,Triton International Limited
250,Allissa Burnel,Highway Holdings Limited
251,Brion Tetsall,Rayonier Advanced Materials Inc.
252,Harwilll McLinden,"Aaron's,  Inc."
253,Jemie Lamputt,"Carbo Ceramics, Inc."
254,Lanae Schruyers,MTGE Investment Corp.
255,Rosmunda Albinson,"Sucampo Pharmaceuticals, Inc."
256,Dulcea Juris,Valero Energy Partners LP
257,Sherill Groomebridge,"PRA Group, Inc."
258,Rodrique Bogeys,"J. Alexander's Holdings, Inc."
259,Ransom Drewson,"China HGS Real Estate, Inc."
260,Anselma Rowes,"ClubCorp Holdings, Inc."
261,Ame Heinonen,"Chico's FAS, Inc."
262,Teirtza Glasscoo,Stone Harbor Emerging Markets Total Income Fund
263,Jorgan Lionel,Putnam Master Intermediate Income Trust
264,Ermina Muckleston,"Foundation Building Materials, Inc."
265,Celestyn Hitcham,"Echo Global Logistics, Inc."
266,Anna Bachshell,"Ionis Pharmaceuticals, Inc."
267,Niko O'Dunneen,Oxford Lane Capital Corp.
268,Jessie Moger,Principal Shareholder Yield Index ETF
269,Quinlan Lovelock,Synnex Corporation
270,Tibold Jukubczak,Pacific Coast Oil Trust
271,Shirline Gotfrey,Sierra Bancorp
272,Ambur Stango,"EnLink Midstream, LLC"
273,Zenia Chapple,Tiptree Inc.
274,Spence Dubble,Orthofix International N.V.
275,Pier Brocklehurst,Exxon Mobil Corporation
276,Karil Harken,Grupo Supervielle S.A.
277,Damaris Bloodworthe,Helen of Troy Limited
278,Dee dee Ilett,"Citizens Community Bancorp, Inc."
279,Karla Brand,"Natural Grocers by Vitamin Cottage, Inc."
280,Morgan Boutwell,"Pinnacle Foods, Inc."
281,Vikky Leaton,"China Fund, Inc. (The)"
282,Vere Josephs,"Flexion Therapeutics, Inc."
283,Jonah Fyall,"Diamond Hill Investment Group, Inc."
284,Nanete Simms,Navient Corporation
285,Thibaut Goodisson,"Identiv, Inc."
286,Rufus Workes,"Valeritas Holdings, Inc."
287,Carlee Frake,"Duff & Phelps Utilities Income, Inc."
288,Megan Cock,Apple Inc.
289,Vikky Claringbold,"Electro Scientific Industries, Inc."
290,Dominga Hatchard,"National Security Group, Inc."
291,Sherman Nuttey,"MAM Software Group, Inc."
292,Ewell Ofield,"Blackrock MuniYield Michigan Quality Fund, Inc."
293,Darcy Lobb,"Carrols Restaurant Group, Inc."
294,Shaylyn Lorkins,"GTY Technology Holdings, Inc."
295,Clayson Guiraud,"Quad Graphics, Inc"
296,Deck Boyack,General Cable Corporation
297,Killian Dyshart,Liberty Interactive Corporation
298,Conchita Wreford,"Equinix, Inc."
299,Chrissie Kettley,"Tower International, Inc."
300,Averell Thewlis,Swift Transportation Company
301,Juliet Richfield,Icahn Enterprises L.P.
302,Agnes Killigrew,Fairmount Santrol Holdings Inc.
303,Lesli Pimerick,Alpha and Omega Semiconductor Limited
304,Arlan Gurnay,"Cellcom Israel, Ltd."
305,Earvin McIlwraith,"Ohr Pharmaceuticals, Inc."
306,Anatol Swindells,Cerner Corporation
307,Audry Baddeley,"Aviragen Therapeutics, Inc."
308,Elva Goulbourn,"Enzo Biochem, Inc."
309,Maritsa Emmines,Medigus Ltd.
310,Scarlet Allabarton,NXT-ID Inc.
311,Vernice Petigrew,"SK Telecom Co., Ltd."
312,Rahal Girsch,"Blackrock MuniEnhanced Fund, Inc."
313,Elayne Maruska,Anheuser-Busch Inbev SA
314,Donella Held,Boston Scientific Corporation
315,Pierson Housen,"Gabelli Equity Trust, Inc. (The)"
316,Jerrine de la Tremoille,"Rennova Health, Inc."
317,Gradey Pattle,"United Financial Bancorp, Inc. "
318,Louella Parkyns,"Selective Insurance Group, Inc."
319,Kirstin Jeanel,Voya International High Dividend Equity Income Fund
320,Patty Lashmar,"Pretium Resources, Inc."
321,Orville Moland,TapImmune Inc.
322,Ari Dawkes,LCI Industries
323,Calli Bawcock,Comp En De Mn Cemig ADS
324,Lenette Englefield,"Powell Industries, Inc."
325,Hy Clearley,Thermo Fisher Scientific Inc
326,Maurizia Turley,Global Indemnity Limited
327,Jourdan Erdely,Tronox Limited
328,Loren Reany,"Patterson Companies, Inc."
329,Derby Nazair,"Tremor Video, Inc."
330,Sasha Jado,AECOM
331,Winonah Pappi,Accenture plc
332,Tomasine Oldmeadow,Embotelladora Andina S.A.
333,Carter Bernardoni,"Cedar Realty Trust, Inc."
334,Tedda Forsey,"P & F Industries, Inc."
335,Shepard Budibent,"Huntington Ingalls Industries, Inc."
336,Case Dono,"Goldman Sachs Group, Inc. (The)"
337,Sheba Hannah,Annaly Capital Management Inc
338,Johanna Phelipeau,"National Bankshares, Inc."
339,Lurline Danshin,Braskem S.A.
340,Storm Curedell,"Grifols, S.A."
341,Amery Kiehnlt,"Fortinet, Inc."
342,Goldi Misk,Medley Capital Corporation
343,Erastus Gerdts,"Beneficial Bancorp, Inc."
344,Naomi Houseago,Western Asset Variable Rate Strategic Fund Inc.
345,Kerrie McPhee,"Loral Space and Communications, Inc."
346,Constantia Ruston,"Affiliated Managers Group, Inc."
347,Cory Bunford,Avenue Income Credit Strategies Fund
348,Katrinka Hardwell,Senior Housing Properties Trust
349,Siward Chalke,Duke Energy Corporation
350,Lorna Yurkin,Stifel Financial Corporation
351,Selestina McMickan,Tiptree Inc.
352,Cord McKevitt,Hecla Mining Company
353,Dale Heyward,"BMC Stock Holdings, Inc."
354,Mart Curzey,Preferred Bank
355,Sidoney Pavy,Double Eagle Acquisition Corp.
356,Angel Warrener,Salesforce.com Inc
357,Clary Adicot,"Planet Payment, Inc."
358,Bathsheba Rosenboim,Noble Midstream Partners LP
359,Rudie Gerler,"American Financial Group, Inc."
360,Merrill Lomasny,"Continental Building Products, Inc."
361,Alika McGlaughn,Community Healthcare Trust Incorporated
362,Urban Warrick,"OneBeacon Insurance Group, Ltd."
363,Aldwin Bonniface,Managed Duration Investment Grade Municipal Fund
364,Rickard Dodgson,Liberty Media Corporation
365,Kathie MacNab,IXYS Corporation
366,Gardy Gosker,TravelCenters of America LLC
367,Lauritz Luney,Mobileye N.V.
368,Debee Bromwich,"General American Investors, Inc."
369,Hersch Cupitt,"Identiv, Inc."
370,Lionel Hegge,vTv Therapeutics Inc.
371,Dasie Smalridge,PowerShares Golden Dragon China Portfolio
372,Porter Yanez,Prudential Public Limited Company
373,Gerhard Wheelan,"Suburban Propane Partners, L.P."
374,Carri Storrie,"Ambac Financial Group, Inc."
375,Arabelle Sholem,"MFA Financial, Inc."
376,Marylou Bonner,"Capitol Federal Financial, Inc."
377,Dorothee Oattes,"Primerica, Inc."
378,Antonia Greep,Pitney Bowes Inc.
379,Tiffie Gilbert,OM Asset Management plc
380,Marthena Shapter,"WhiteHorse Finance, Inc."
381,Kittie Hacking,Performance Food Group Company
382,Claire Irwin,Houghton Mifflin Harcourt Company
383,Nevile Ruecastle,Entegra Financial Corp.
384,Lucienne Louiset,"Rapid7, Inc."
385,Merrill Sutehall,"Penske Automotive Group, Inc."
386,Dalton Plascott,"Essex Property Trust, Inc."
387,Rivy Rous,Credit Suisse AG
388,Pryce Stennet,"Alnylam Pharmaceuticals, Inc."
389,Arny Wegener,Solar Capital Ltd.
390,Crysta Louiset,"Vertex Energy, Inc"
391,Arlyn Britian,Boyd Gaming Corporation
392,Cornie Celand,Principal Shareholder Yield Index ETF
393,Richart Le Friec,The Cheesecake Factory Incorporated
394,Darrel Shepcutt,Gridsum Holding Inc.
395,Rafaelita Corley,Blackstone GSO Long Short Credit Income Fund
396,Cale Killough,CPI Card Group Inc.
397,Hendrick Warmisham,"Dorchester Minerals, L.P."
398,Shalna Seward,TICC Capital Corp.
399,Shea Antonnikov,Corning Incorporated
400,Brantley Sloper,Ciena Corporation
401,Meggie Gallardo,VelocityShares 3x Inverse Silver ETN
402,Ardra Lightfoot,"James River Group Holdings, Ltd."
403,Lauren Ilyas,"Intrepid Potash, Inc"
404,Sayre Calven,Mercer International Inc.
405,Zea Newell,Allegiant Travel Company
406,Rodney Mollnar,"Evertec, Inc."
407,Nevil Alexsandrov,"Freeport-McMoran, Inc."
408,Haley McAllen,"Camping World Holdings, Inc."
409,Tony Whitsun,United Insurance Holdings Corp.
410,Theodore Dallemore,pSivida Corp.
411,Tome Winspire,Acceleron Pharma Inc.
412,Ellynn Kryszkiecicz,EPR Properties
413,Ulrick Chimienti,At Home Group Inc.
414,Ambros Note,Movado Group Inc.
415,Lucretia Priter,"Halozyme Therapeutics, Inc."
416,Thorny Upham,Coca-Cola Company (The)
417,Irvin Heeps,"Kindred Biosciences, Inc."
418,Bancroft Kindle,Calgon Carbon Corporation
419,Cecilla Duffitt,Xperi Corporation
420,Alex Ilyinski,"OraSure Technologies, Inc."
421,Blisse Handover,"CareDx, Inc."
422,Pippa Einchcombe,"American International Group, Inc."
423,Giovanna Hayley,Ames National Corporation
424,Rickert Barge,Compugen Ltd.
425,Marcellus Wennington,"Source Capital, Inc."
426,Idalia Downe,"Equity Bancshares, Inc."
427,Weider Moodey,Open Text Corporation
428,Vivyanne Tomaskov,Arthur J. Gallagher & Co.
429,Nancee Undrill,"Ocular Therapeutix, Inc."
430,Sunny Feldon,Astoria Financial Corporation
431,Kamilah Lawler,Barington/Hilco Acquisition Corp.
432,Pepillo Chrstine,Omnicom Group Inc.
433,Victor Ibbott,"CYS Investments, Inc."
434,Felicity Salomon,"Fidelity National Financial, Inc."
435,Vincenz Jephcote,Invesco Credit Opportunities Fund
436,Gabriella Scholefield,"Voyager Therapeutics, Inc."
437,Blinni Jankovic,"Mitcham Industries, Inc."
438,Niels Freyn,Kite Realty Group Trust
439,Breena Fendley,"Assembly Biosciences, Inc."
440,Garnette Butlin,"Greenlight Reinsurance, Ltd."
441,Georgeanne Malbon,The Descartes Systems Group Inc.
442,Koenraad Dulling,EPR Properties
443,Auberta Majury,Cerus Corporation
444,Fransisco Vaudre,Capella Education Company
445,Rand Offell,ManTech International Corporation
446,Cati Hembry,"The First Bancshares, Inc."
447,Mahmud Robens,Tutor Perini Corporation
448,Chelsy Kemmer,"Columbia Banking System, Inc."
449,Nadya Londesborough,"Pure Storage, Inc. "
450,Giusto Jaggers,"Epizyme, Inc."
451,Catharina Duxbarry,Nuveen Intermediate Duration Municipal Term Fund
452,Vito Nestor,Symantec Corporation
453,Josi Tapson,"South Jersey Industries, Inc."
454,Royce Rugiero,"Rudolph Technologies, Inc."
455,Gussi Crohan,Lehman ABS Corporation
456,Harrietta Cashman,Alpine Global Dynamic Dividend Fund
457,Morty Gallihaulk,Eaton Vance Short Diversified Income Fund
458,Dylan Astlet,Easterly Acquisition Corp.
459,Tobit Abell,Bill Barrett Corporation
460,Hanson Corballis,"Estee Lauder Companies, Inc. (The)"
461,Rosabelle Cancellario,"Care.com, Inc."
462,Humbert Congrave,"SilverBow Resorces, Inc."
463,Teirtza Christy,iShares Global Infrastructure ETF
464,Lurlene Docwra,"iRhythm Technologies, Inc."
465,Mariellen Bertelmot,"Liberty TripAdvisor Holdings, Inc."
466,Dawna Farquhar,"SiteOne Landscape Supply, Inc."
467,Darcy Lamburn,"Entergy Mississippi, Inc."
468,Dita Newcombe,"Arch Coal, Inc."
469,Vitia Kenneford,Simmons First National Corporation
470,Darby Jacmard,Origo Acquisition Corporation
471,Melesa Hinge,"Brooks Automation, Inc."
472,Aldrich Satchel,"EnLink Midstream, LLC"
473,Merrick Breens,Monmouth Real Estate Investment Corporation
474,Marleah Tolemache,Gold Fields Limited
475,Mella Hellens,Global X Social Media ETF
476,Sara-ann Eich,"City Office REIT, Inc."
477,Tonya Lyndon,Quaker Chemical Corporation
478,Fanny Coyett,Norwegian Cruise Line Holdings Ltd.
479,Tiler Caesman,"Stellar Biotechnologies, Inc."
480,Josey Chestnutt,Avadel Pharmaceuticals plc
481,Brion Glennie,Weingarten Realty Investors
482,Liliane Le Noury,PowerShares DWA Momentum Portfolio
483,Arlee Fears,Texas Pacific Land Trust
484,Kenn Ragsdall,"Blackrock MuniYield Quality Fund III, Inc."
485,Elise Bartoszewski,Westlake Chemical Corporation
486,Faina Sidworth,PennyMac Mortgage Investment Trust
487,Dot Melling,LiNiu Technology Group
488,Niall Huckleby,Alere Inc.
489,Tessie McCloughlin,Axar Acquisition Corp.
490,Mella Widd,"First Citizens BancShares, Inc."
491,Sarena Palmby,Royal Bank Of Canada
492,Artemis Rihanek,"CF Industries Holdings, Inc."
493,Cherri Bessom,Equity Commonwealth
494,Karmen Lindsay,"Bojangles', Inc."
495,Rafa Ponton,Agree Realty Corporation
496,Darline Fydoe,"Acacia Communications, Inc."
497,Kirbee Kernan,Nicolet Bankshares Inc.
498,Kassie Hazlewood,"Jaguar Animal Health, Inc."
499,Gabrielle Pitchford,Materialise NV
500,Emiline St. Clair,Deltic Timber Corporation
501,Mord Mapson,Electrum Special Acquisition Corporation
502,Bernice Chipchase,"Shell Midstream Partners, L.P."
503,Cortney Lyon,"Patrick Industries, Inc."
504,Madlin Macconachy,"Twenty-First Century Fox, Inc."
505,Rania Benkhe,The GDL Fund
506,Fleur Capron,"Luby's, Inc."
507,Mignonne Seeler,First Trust High Income ETF
508,Bernardina Ianizzi,Qwest Corporation
509,Frieda Locke,"Southside Bancshares, Inc."
510,Mufi Bothie,"Resources Connection, Inc."
511,Selma Eckhard,Core Laboratories N.V.
512,Chev Gath,"Moneygram International, Inc."
513,Lian Gibbie,Hilton Worldwide Holdings Inc.
514,Sile Broadbear,Jewett-Cameron Trading Company
515,Ira Dericot,BLDRS Asia 50 ADR Index Fund
516,Ardine Piser,Japan Smaller Capitalization Fund Inc
517,Nert Kopmann,FutureFuel Corp.
518,Rem Lamb,Putnam Premier Income Trust
519,Abrahan Bridgwater,WSFS Financial Corporation
520,Page MacAdie,Nuven Mortgage Opportunity Term Fund 2
521,Rheta Drieu,"CryoPort, Inc."
522,Ichabod Sands-Allan,"Blueknight Energy Partners L.P., L.L.C."
523,Evelina Cossam,"Stanley Black & Decker, Inc."
524,Marchelle Dalliwater,Tekla Life Sciences Investors
525,Rafaela Dulwitch,"Insteel Industries, Inc."
526,Gabrielle Attride,MFS Government Markets Income Trust
527,Reeta Thick,GoDaddy Inc.
528,Evvy O'Cannon,Laboratory Corporation of America Holdings
529,Annissa Vedekhov,Nuveen Massachusetts Municipal Income Fund
530,Bev Ribeiro,"Pepsico, Inc."
531,Loreen Glashby,"Parsley Energy, Inc."
532,Arney Brogi,"Newpark Resources, Inc."
533,Glad Zukierman,"Gaming and Leisure Properties, Inc."
534,Cahra Edinburgh,"SS&C Technologies Holdings, Inc."
535,Halimeda Brandsma,Capital Senior Living Corporation
536,Sukey Hurlin,Prospect Capital Corporation
537,Iolande Dwyer,"support.com, Inc."
538,Quinlan Fancutt,"Real Goods Solar, Inc."
539,Nessie Pentelo,"Ameresco, Inc."
540,Ingemar Riordan,Nuveen Credit Strategies Income Fund
541,Jarad Bracer,Hess Corporation
542,Liliane Plumridege,Aspen Insurance Holdings Limited
543,Ramon McRobert,Boston Scientific Corporation
544,Ellissa Stirton,Transocean Ltd.
545,Galvan Phebey,"PGT Innovations, Inc."
546,Ferne Frape,WisdomTree Japan Hedged SmallCap Equity Fund
547,Kennie Hullett,"Square, Inc."
548,Valdemar Cribbott,Citigroup Inc.
549,Wynn Geraldi,Voya International High Dividend Equity Income Fund
550,Margaux McIlmurray,First BanCorp.
551,Wakefield Luis,Lincoln Educational Services Corporation
552,Cariotta Penvarden,Weyerhaeuser Company
553,Stavros Dyte,Anika Therapeutics Inc.
554,Alyosha Ruggles,First Defiance Financial Corp.
555,Maximilianus Skillen,Energen Corporation
556,Lewie Bramich,"Entergy Louisiana, Inc."
557,Prudy Passey,"America Movil, S.A.B. de C.V."
558,Maxie Dickins,Gabelli NextShares Trust
559,Corilla Okker,Enbridge Energy Management LLC
560,Lonnard Sealey,TapImmune Inc.
561,Verna Saull,First Trust Taiwan AlphaDEX Fund
562,Lola Symcock,Control4 Corporation
563,Shaun Elloy,Synovus Financial Corp.
564,Cori Coupar,Bank of America Corporation
565,Annabelle Sclater,Origo Acquisition Corporation
566,Aylmer Dickman,Xylem Inc.
567,Liane Dawby,Kilroy Realty Corporation
568,Tomi Scahill,AdvanSix Inc.
569,Elyn Allin,Fresenius Medical Care Corporation
570,Saw Symcox,Repligen Corporation
571,Rita Varran,Transocean Ltd.
572,Hilary Lamar,Tonix Pharmaceuticals Holding Corp.
573,Pauly Keysall,United States Cellular Corporation
574,Sibilla Chatainier,"ConAgra Brands, Inc."
575,Baird Cripps,Kopin Corporation
576,Dukie Doggrell,"Superior Uniform Group, Inc."
577,Justus Sewart,North European Oil Royality Trust
578,Addy Casse,"Portola Pharmaceuticals, Inc."
579,Elwira Twydell,Ford Motor Company
580,Dianemarie Ormistone,"Cohu, Inc."
581,Innis Lupton,Blackrock MuniYield Pennsylvania Quality Fund
582,Julian O'Hartagan,"Timberland Bancorp, Inc."
583,Lelah Jeffryes,PowerShares Global Water Portfolio
584,Meridith Abrahamian,"M/I Homes, Inc."
585,Poul Agglio,Kornit Digital Ltd.
586,Anjela Prestie,"Marten Transport, Ltd."
587,Nollie Pringell,Global Indemnity Limited
588,Helenka Beckensall,"Qorvo, Inc."
589,Minnie Kelmere,Eltek Ltd.
590,Gayle Purselowe,Sonoco Products Company
591,Stephani Gianolo,Genie Energy Ltd.
592,Dian Hitzke,Tsakos Energy Navigation Ltd
593,Wash Niece,OncoSec Medical Incorporated
594,Thane Boyd,Seanergy Maritime Holdings Corp
595,Thaddeus Benka,Artesian Resources Corporation
596,Kalina St. Leger,Liberty Media Corporation
597,Bondie Chamney,Cummins Inc.
598,Mechelle Lanmeid,TransCanada Corporation
599,Pieter Ference,ImmuCell Corporation
600,Isacco O'Duggan,Jack In The Box Inc.
601,Corby Tevlin,"United Financial Bancorp, Inc. "
602,Charlotte Kisbee,Alpha and Omega Semiconductor Limited
603,Anne Frodsam,"Air Transport Services Group, Inc"
604,Edithe Casterton,Global X Longevity Thematic ETF
605,Ebba Febry,"First Connecticut Bancorp, Inc."
606,Donia Bridgwood,Hubbell Inc
607,Shepard Aiken,"Beneficial Bancorp, Inc."
608,Orazio Grealey,"Williams Companies, Inc. (The)"
609,Cathy Etridge,"Intermolecular, Inc."
610,Lynde Rodenborch,Vanguard Long-Term Government Bond ETF
611,Katinka Grocock,"SMART Global Holdings, Inc."
612,Trudy Dusting,"Digital Turbine, Inc."
613,Emili Little,"Spring Bank Pharmaceuticals, Inc."
614,Dominic Kingzeth,"First Interstate BancSystem, Inc."
615,Abraham Elijah,"Xenetic Biosciences, Inc."
616,Irvin Osmund,Allstate Corporation (The)
617,Fran Tellenbrok,"Sturm, Ruger & Company, Inc."
618,Jobi O'Loughlin,"Centennial Resource Development, Inc."
619,Dyana De Blasio,Eagle Growth and Income Opportunities Fund
620,Nariko Yashunin,AmeriServ Financial Inc.
621,Goran Farries,ProShares UltraPro QQQ
622,Adolphe Bygate,FNB Bancorp
623,Pate Bemlott,"Smith & Nephew SNATS, Inc."
624,Tedmund Stripling,"AmTrust Financial Services, Inc."
625,Reggy Benian,Lions Gate Entertainment Corporation
626,Bondy Prati,Boulevard Acquisition Corp. II
627,Eberhard Buglar,"Endologix, Inc."
628,Milty Losty,Smart
629,Rhona O'Cannavan,"Star Gas Partners, L.P."
630,Adi Dods,"Healthcare Trust of America, Inc."
631,Edmon Popelay,Stantec Inc
632,Andie Rawlingson,"F5 Networks, Inc."
633,Angus Grodden,Capital Product Partners L.P.
634,Sollie McCrann,"Summit Hotel Properties, Inc."
635,Evanne Basil,"Idera Pharmaceuticals, Inc."
636,Jackie Glauber,Westwood Holdings Group Inc
637,Melisenda Bottoms,Gladstone Capital Corporation
638,Giordano Lyddiatt,First Trust Cloud Computing ETF
639,Cheryl Penhallurick,Wells Fargo & Company
640,Vern Withinshaw,"Kura Oncology, Inc."
641,Martynne Kynsey,Banco Santander Chile
642,Amanda Eschalette,"Apollo Endosurgery, Inc."
643,Sharity Quinlan,"Clearside Biomedical, Inc."
644,Derrick Mains,"Delek US Holdings, Inc."
645,Torrance Pepper,MSB Financial Corp.
646,Reinhard Theuss,Novelion Therapeutics Inc.
647,Freddie Bulfoy,Total S.A.
648,Kameko Haliburton,TFS Financial Corporation
649,Melina Beatey,Global X S&P 500 Catholic Values ETF
650,Merlina Frediani,Telecom Italia S.P.A.
651,Der Skillington,Biogen Inc.
652,Roy Mewrcik,"CYS Investments, Inc."
653,Casey Dillway,Meredith Corporation
654,Coralie Metzing,Vornado Realty Trust
655,Des Showt,"Bear State Financial, Inc."
656,Livy Pedley,"America Movil, S.A.B. de C.V."
657,Linell Gercken,"Select Bancorp, Inc."
658,Ericka Yellowlea,"Alnylam Pharmaceuticals, Inc."
659,Alick Dimberline,The Long-Term Care ETF
660,Abbie Harry,Rand Capital Corporation
661,Lewiss Scherme,"Maiden Holdings, Ltd."
662,Nelli Lamba,"Hawkins, Inc."
663,Reeva Riep,Oxford Lane Capital Corp.
664,Clare Tinker,"Stag Industrial, Inc."
665,Gina Huggard,Yingli Green Energy Holding Company Limited
666,Cassondra Manklow,Highland Funds I
667,Ruprecht Fowden,Putnam Master Intermediate Income Trust
668,Teirtza Shere,"Rudolph Technologies, Inc."
669,Catherine Cullimore,Hovnanian Enterprises Inc
670,Ray Manna,Navios Maritime Acquisition Corporation
671,Ode Rapkins,Nuveen Build America Bond Opportunity Fund
672,Libbi McLleese,"Tandem Diabetes Care, Inc."
673,Kessiah Blamire,"Image Sensing Systems, Inc."
674,Veronike Wiggin,"Martin Marietta Materials, Inc."
675,Amandi Lages,"Insmed, Inc."
676,Huntley McLise,STRATS Trust
677,Dasie Haskell,Farmland Partners Inc.
678,Don Cowper,DTE Energy Company
679,Abbe Colecrough,Ares Management L.P.
680,Alric Doddrell,"Soligenix, Inc."
681,Waylan Winsbury,Travelzoo
682,Hamlin Wildash,"Melrose Bancorp, Inc."
683,Aurore de Pinna,Gorman-Rupp Company (The)
684,Hedvig Haynes,"Blackrock MuniHoldings California Quality Fund,  Inc."
685,Trefor Nulty,"Schnitzer Steel Industries, Inc."
686,Shanie Fullman,Active Alts Contrarian ETF
687,Ilse Plaunch,Formula Systems (1985) Ltd.
688,Madeleine Frewer,STRATS Trust
689,Lucien Glidden,Neff Corporation
690,Mattie Haquin,Bank of Hawaii Corporation
691,Gare Chislett,"Equity Bancshares, Inc."
692,Garwin Le Floch,Arotech Corporation
693,Maurise Jumont,"Forterra, Inc."
694,Albie Dahlgren,"AtriCure, Inc."
695,Vivyanne Elecum,Icahn Enterprises L.P.
696,Stanislas Foggo,Terreno Realty Corporation
697,Ferd Dulin,"Tyson Foods, Inc."
698,Dolf Aslam,Comp En De Mn Cemig ADS
699,Pietrek Gillbanks,"Varian Medical Systems, Inc."
700,Alva McGahey,Hornbeck Offshore Services
701,Corny Camilleri,Vuzix Corporation
702,Celestia Rene,"Goldman Sachs Group, Inc. (The)"
703,Harmon Humpage,Federal Agricultural Mortgage Corporation
704,Bronny Gannan,"Goldman Sachs Group, Inc. (The)"
705,Elyssa Arkell,"XPO Logistics, Inc."
706,Jordana Missenden,"Sonic Automotive, Inc."
707,Walton Gayforth,Manchester United Ltd.
708,Mikol Merveille,Energen Corporation
709,Davine Webb-Bowen,VictoryShares US 500 Volatility Wtd ETF
710,Finn Ferrandez,"Mid-America Apartment Communities, Inc."
711,Kerstin Sitford,"Lowe's Companies, Inc."
712,Ned Sime,Ares Capital Corporation
713,Justus Skrzynski,Amedica Corporation
714,Iorgo Gregs,"Idera Pharmaceuticals, Inc."
715,Carlye Mellsop,"Callidus Software, Inc."
716,Corella Brisset,Iridium Communications Inc
717,Wilburt Challis,Liberty Broadband Corporation
718,Ophelie Corser,Foresight Energy LP
719,Alla Awdry,"Five Below, Inc."
720,Alistair Thwaites,Eaton Vance Risk-Managed Diversified Equity Income Fund
721,Alexandr Harnwell,Star Bulk Carriers Corp.
722,Robbyn Shimmin,Lehman ABS Corporation
723,Reg Tabary,American Superconductor Corporation
724,Giorgia Gallatly,Mackinac Financial Corporation
725,Kerrin Beeton,"Expeditors International of Washington, Inc."
726,Monica Hawke,Asia Pacific Wire & Cable Corporation Limited
727,Millisent Coldbathe,"Luxottica Group, S.p.A."
728,Izzy Dunbabin,Nuveen Quality Municipal Income Fund
729,Vanna Gutowski,"Cohen & Steers Infrastructure Fund, Inc"
730,Harp Pollicott,"SkyWest, Inc."
731,Valry Dymond,Main Street Capital Corporation
732,Leona Lowden,"MercadoLibre, Inc."
733,Robin Bloodworth,Logitech International S.A.
734,Mathe O'Gaven,"Hercules Capital, Inc."
735,Marice Krzysztofiak,Otter Tail Corporation
736,Parke Arbor,First Trust NASDAQ Smartphone Index Fund
737,Louie Vel,Japan Smaller Capitalization Fund Inc
738,Blakeley Northleigh,Ingevity Corporation
739,Paco Hastilow,"Adams Natural Resources Fund, Inc."
740,Aleda Rebanks,"Streamline Health Solutions, Inc."
741,Carmine Delhay,Countrywide Financial Corporation
742,Devondra Thorowgood,"Ubiquiti Networks, Inc."
743,Beatrisa Giovannini,"Discovery Communications, Inc."
744,Conrado Devonshire,"Sound Financial Bancorp, Inc."
745,Harley Deevey,"Post Holdings, Inc."
746,Gelya Cannings,"Xilinx, Inc."
747,Will Taillard,Public Storage
748,Darrick Bompas,"Cullen/Frost Bankers, Inc."
749,Ive Liff,NewMarket Corporation
750,Vinnie Wheelhouse,Ryerson Holding Corporation
751,Mirabella Ashforth,"Lumber Liquidators Holdings, Inc"
752,Rianon Mennithorp,"Commvault Systems, Inc."
753,Lilian Lerner,Patheon N.V.
754,Christoforo Arden,"Penumbra, Inc."
755,Vance Antoniewicz,Saban Capital Acquisition Corp.
756,Lynn Stonebridge,Wright Medical Group N.V.
757,Gerhardine Elmes,Community West Bancshares
758,Marvin Lister,State Street Corporation
759,Kenneth Scotsbrook,Ramco-Gershenson Properties Trust
760,Quentin Splevins,Blackstone / GSO Strategic Credit Fund
761,Halette Smurfitt,"NACCO Industries, Inc."
762,Weylin Torel,Global X SuperDividend REIT ETF
763,Valeda Blees,TAT Technologies Ltd.
764,Dniren Fairhall,Koss Corporation
765,Erinn Brome,"Rollins, Inc."
766,Cynthy Storrar,"Ossen Innovation Co., Ltd."
767,Neda Domoney,Silicon Motion Technology Corporation
768,Saudra Getley,Arthur J. Gallagher & Co.
769,Robbi Proswell,Chemung Financial Corp
770,Lynette Yvon,BB&T Corporation
771,Tamarra Harnetty,"Aeglea BioTherapeutics, Inc."
772,Martina Ben,Anika Therapeutics Inc.
773,Templeton Brockelsby,"El Pollo Loco Holdings, Inc."
774,Alix Asch,Chevron Corporation
775,Kermy Coltman,"ILG, Inc"
776,Sebastiano Sarra,"Iconix Brand Group, Inc."
777,Corly Prendergast,"ConAgra Brands, Inc."
778,Lewie Goldhawk,Omega Protein Corporation
779,Inger McGow,Blackrock Capital and Income Strategies Fund Inc
780,Felipa Gyurkovics,"BeyondSpring, Inc."
781,Elicia Liell,"Senomyx, Inc."
782,Lind Islip,AllianzGI Equity & Convertible Income Fund
783,Yuri Drewett,"TrovaGene, Inc."
784,Micheil Meaking,ProShares Ultra Nasdaq Biotechnology
785,Cyndie Klinck,Valero Energy Partners LP
786,Alix Middler,Oil-Dri Corporation Of America
787,Terrence Titman,"Dycom Industries, Inc."
788,Ario Gillett,"Century Casinos, Inc."
789,Karyn Reddecliffe,Educational Development Corporation
790,Moritz Demelt,Kayne Anderson MLP Investment Company
791,Joell Gallaccio,"New York Mortgage Trust, Inc."
792,Yoko Pevsner,Ramco-Gershenson Properties Trust
793,Artie Georgot,NVE Corporation
794,Virgina Ladewig,"One Liberty Properties, Inc."
795,Leonanie Redit,Vanguard Russell 2000 ETF
796,Torrance Glaisner,Nuveen Core Equity Alpha Fund
797,Gerik Ismead,The Cushing MLP Total Return Fund
798,Hephzibah Attwater,Capital One Financial Corporation
799,Stanly McAlpin,The Goodyear Tire & Rubber Company
800,Carey Peirpoint,Voya International High Dividend Equity Income Fund
801,Libby Haylock,"AtriCure, Inc."
802,Pepito Syne,JetPay Corporation
803,Corry Feehan,"Texas Capital Bancshares, Inc."
804,Berny Ray,Xylem Inc.
805,Valida Zuenelli,Grupo Televisa S.A.
806,Clo Roome,"Chembio Diagnostics, Inc."
807,Eduino McRannell,BP Prudhoe Bay Royalty Trust
808,Elia Wattingham,Changyou.com Limited
809,Burk Halstead,"Monster Digital, Inc."
810,Andreas Furminger,"Freightcar America, Inc."
811,Dylan Lawdham,Axis Capital Holdings Limited
812,Raynard Blissett,Vanguard Total International Bond ETF
813,Rollin MacAless,Vanguard International Dividend Appreciation ETF
814,Joye Bassom,Grupo Supervielle S.A.
815,Katusha MacCombe,Chesapeake Granite Wash Trust
816,Daphne Stanbra,Jewett-Cameron Trading Company
817,Leroi McMurty,SeaSpine Holdings Corporation
818,Harwell Bains,Southern Company (The)
819,Melisa De Haven,"Medpace Holdings, Inc."
820,Bordie Fouch,Loews Corporation
821,Elsy Harlowe,Eaton Vance Enhance Equity Income Fund
822,Bard Applebee,Silver Run Acquisition Corporation II
823,Casey Cuppleditch,PowerShares DWA Utilities Momentum Portfolio
824,Claudelle Polly,Abercrombie & Fitch Company
825,Annalee Rawcliffe,"Atlas Financial Holdings, Inc."
826,Tara Scaife,Telefonica Brasil S.A.
827,Carmine Maund,First Trust Senior Floating Rate Income Fund II
828,Tannie Pendlebury,"Mohawk Industries, Inc."
829,Nessie Metham,China Rapid Finance Limited
830,Tildie York,iShares S&P/Citigroup International Treasury Bond Fund
831,Horatius Millyard,ReWalk Robotics Ltd
832,Alexandros Sainer,"HomeTrust Bancshares, Inc."
833,Timmie Dallmann,First Trust Large Cap Growth AlphaDEX Fund
834,Emlynn Kubasiewicz,"Columbia Banking System, Inc."
835,Euphemia Collyns,Pharmerica Corporation
836,Hobie Le Fleming,"Taubman Centers, Inc."
837,Lindy Evennett,Bank of America Corporation
838,Angela Pinfold,News Corporation
839,Jody Camilio,"Gulf Resources, Inc."
840,Olenka Derby,Sutherland Asset Management Corporation
841,Cobbie Wain,Ivy NextShares
842,Georgina Ablitt,"Heidrick & Struggles International, Inc."
843,Berrie Aucoate,Citigroup Inc.
844,Jobina Decourt,"Shineco, Inc."
845,Doralynn Kydd,Erie Indemnity Company
846,Petrina Gauchier,Eaton Vance Short Diversified Income Fund
847,Eulalie Radke,Southwestern Energy Company
848,Nicolette Fishburn,"Electronics for Imaging, Inc."
849,Wynn Tows,Herc Holdings Inc.
850,Beverlee Nealy,"Brown & Brown, Inc."
851,Horacio Antonomolii,Affimed N.V.
852,Geri Ralling,"Jason Industries, Inc."
853,Terrye Warbey,"BWX Technologies, Inc."
854,Ricki Baggarley,Cumulus Media Inc.
855,Hubey Guitonneau,Yintech Investment Holdings Limited
856,Cher Dignon,"Cohen & Steers Infrastructure Fund, Inc"
857,Rubie Micklewright,Blackrock Floating Rate Income Strategies Fund Inc
858,Ursulina Minghella,Northeast Bancorp
859,Estevan Costello,"Biostage, Inc."
860,Bennie Farden,"Tremor Video, Inc."
861,Elane Gibben,Origo Acquisition Corporation
862,Hobard Snugg,Mitel Networks Corporation
863,Sile Trudgian,"PRA Health Sciences, Inc."
864,Bobbye Cassell,McEwen Mining Inc.
865,Kaela Habden,Retail Opportunity Investments Corp.
866,Dedra Cunrado,Asbury Automotive Group Inc
867,Norrie Cowlin,"Host Hotels & Resorts, Inc."
868,Alvinia Napoli,"Medpace Holdings, Inc."
869,Bab Quainton,Tredegar Corporation
870,Alexi Shovel,"Home Depot, Inc. (The)"
871,Gwyn Brettle,OFS Capital Corporation
872,Susannah Oxtoby,"Illumina, Inc."
873,Jacinthe Bosket,"Guaranty Federal Bancshares, Inc."
874,Shaylah Gatward,U.S. Bancorp
875,Cass Vlasyev,"Blackbaud, Inc."
876,Krystle Greggs,"Apollo Global Management, LLC"
877,Carlene Pattlel,"Blackrock MuniEnhanced Fund, Inc."
878,Ana Beldan,iStar Financial Inc.
879,Jordon Rumens,OUTFRONT Media Inc.
880,Teddy Bladesmith,"I.D. Systems, Inc."
881,Kelsi Ness,"Flexsteel Industries, Inc."
882,Gracia Barnewell,"Pathfinder Bancorp, Inc."
883,Edwin Blabber,PowerShares Global Gold & Precious Metals Portfolio
884,Idalia O'Kennavain,Cadence Bancorporation
885,Raeann Chopin,"Ottawa Bancorp, Inc."
886,Livy Tinkham,Infinity Property and Casualty Corporation
887,Zed Greeveson,Raytheon Company
888,Fayette Dunican,"CoreCivic, Inc."
889,Othella McHugh,"FRP Holdings, Inc."
890,Fields Gilby,Monster Beverage Corporation
891,Wesley O'Docherty,Telecom Argentina Stet - France Telecom S.A.
892,Dalila Tissiman,"Orbital ATK, Inc."
893,Walliw Smithe,Aurinia Pharmaceuticals Inc
894,Andrew Tzuker,BlackRock Strategic Municipal Trust Inc. (The)
895,Perceval Oldam,"Enable Midstream Partners, LP"
896,Shaw Winch,Riverview Bancorp Inc
897,Rolph Mariette,WisdomTree Japan Hedged SmallCap Equity Fund
898,Kain Jirasek,"Apricus Biosciences, Inc."
899,Scottie Gilby,"Investment Technology Group, Inc."
900,Katinka Swett,KLA-Tencor Corporation
901,Barclay Davidi,China Cord Blood Corporation
902,Hedvig Dougher,"Cancer Genetics, Inc."
903,Delinda Amsden,Avadel Pharmaceuticals plc
904,Chadwick Munnings,"Ascena Retail Group, Inc."
905,Maurie Careless,Yulong Eco-Materials Limited
906,Rutledge Kemshell,HSBC Holdings plc
907,Joela Olander,"Ultra Clean Holdings, Inc."
908,Sarina Saunter,"Roper Technologies, Inc."
909,Coletta Thecham,"Cobalt International Energy, Inc."
910,Adrian Endecott,The Obesity ETF
911,Ulises Robiot,First Trust Small Cap Growth AlphaDEX Fund
912,Koressa Greswell,Callon Petroleum Company
913,Marcelline Loxton,Select Medical Holdings Corporation
914,Evy Dauney,Public Storage
915,Fredric Nunn,"Office Depot, Inc."
916,Carey Gladtbach,GP Investments Acquisition Corp.
917,Annelise Tyght,Fomento Economico Mexicano S.A.B. de C.V.
918,Elysee Kellett,Geopark Ltd
919,Virgil Thomkins,"Digiliti Money Group, Inc."
920,Prudence O'Drought,"PC Connection, Inc."
921,Consuela Peche,Marine Petroleum Trust
922,Hewe Banes,"Motorola Solutions, Inc."
923,Myrle Casassa,"Kelly Services, Inc."
924,Trace Karpinski,iFresh Inc.
925,Elonore Cicullo,iShares MSCI Europe Small-Cap ETF
926,Arleyne Espadas,Kite Realty Group Trust
927,Raquel Gunson,"ICU Medical, Inc."
928,Devlen Grange,First Trust RiverFront Dynamic Emerging Markets ETF
929,Stephani Pocke,Envision Healthcare Corporation
930,Enriqueta Cicchelli,Security National Financial Corporation
931,Sylvester Kensall,Costamare Inc.
932,Petronella Lindeboom,"Presidio, Inc."
933,Pearline Poytres,"Blackrock MuniYield Quality Fund III, Inc."
934,Shaun Bloxam,"Hallmark Financial Services, Inc."
935,Hobie Jaquin,"Shutterfly, Inc."
936,Brooke Solomonides,"Nova Lifestyle, Inc"
937,Spense Churching,Voya Asia Pacific High Dividend Equity Income Fund
938,Babs Pickworth,Kennedy-Wilson Holdings Inc.
939,Lon Causey,"pdvWireless, Inc."
940,Paige Emig,"Townsquare Media, Inc."
941,Rowena Toy,PetroChina Company Limited
942,Kissiah Scallan,"Fusion Telecommunications International, Inc."
943,Kingsly Backes,"Rocky Brands, Inc."
944,Bevan Warhurst,TravelCenters of America LLC
945,Evangeline Priditt,Pointer Telocation Ltd.
946,Arda Crumpe,Toyota Motor Corp Ltd Ord
947,Justus Cockitt,Transportadora De Gas Sa Ord B
948,Willetta Heiner,"Aoxin Tianli Group, Inc."
949,Joni Martlew,Capitala Finance Corp.
950,Benedick Brende,Intrexon Corporation
951,Felice Sugden,"Heidrick & Struggles International, Inc."
952,Myriam Heppner,BlackRock Credit Allocation Income Trust
953,Willetta Goward,Enel Generacion Chile S.A.
954,Binny Yoxall,"Kratos Defense & Security Solutions, Inc."
955,Orrin Rochell,"Alaska Communications Systems Group, Inc."
956,Arleyne Pace,Summit Therapeutics plc
957,Callida Dufty,Neogen Corporation
958,Burlie Hindrick,"Warrior Met Coal, Inc."
959,Alex Slegg,E.I. du Pont de Nemours and Company
960,Ward MacKeague,Luminex Corporation
961,Clarita Parfrey,"RadNet, Inc."
962,Sasha Cownden,RiceBran Technologies
963,Celine Christiensen,Seaspan Corporation
964,Baxter Danbrook,VelocityShares Daily Inverse VIX Short-Term ETN
965,Ethyl Marini,LyondellBasell Industries NV
966,Chrissie Sexstone,KapStone Paper and Packaging Corporation
967,Estrellita Kopelman,"Lifetime Brands, Inc."
968,Dewitt McIlrath,"Latin American Discovery Fund, Inc. (The)"
969,Harman Lowdes,"Maiden Holdings, Ltd."
970,Clarissa Niccols,Japan Smaller Capitalization Fund Inc
971,Kizzee Minchella,"GTY Technology Holdings, Inc."
972,Ros Griston,Novadaq Technologies Inc
973,Nelia Points,Babcock
974,Haskel Swayte,"Virtus Investment Partners, Inc."
975,Gran Heffer,NovoCure Limited
976,Miguelita Coggell,The Obesity ETF
977,Alley Sich,"Stratasys, Ltd."
978,Caren Mountain,"Expeditors International of Washington, Inc."
979,Gerry Gabala,"The Ensign Group, Inc."
980,Darbie Pessolt,"CST Brands, Inc."
981,Marina Craddock,LaSalle Hotel Properties
982,Brook Paddeley,DDR Corp.
983,Clem Arthars,"Comstock Resources, Inc."
984,Carlos Parkyn,"Churchill Downs, Incorporated"
985,Sancho Wormstone,"Voya Infrastructure, Industrials and Materials Fund"
986,Nara Schoroder,Cadence Bancorporation
987,Karil Brayson,"Innoviva, Inc."
988,Joby Haensel,Pyxis Tankers Inc.
989,Antonin Beretta,The Gabelli Healthcare & Wellness Trust
990,Norina Millmoe,Qwest Corporation
991,Trudie Cromleholme,"Comstock Resources, Inc."
992,Theodore Bairnsfather,Farmland Partners Inc.
993,Loy Swatten,"Great Southern Bancorp, Inc."
994,Fawnia Mulcahy,"Adams Diversified Equity Fund, Inc."
995,Nikaniki Barringer,Wells Fargo & Company
996,Lindsy Croy,"M/I Homes, Inc."
997,Tobye Klain,"Yum China Holdings, Inc."
998,Celinda Cottey,"Sigma Designs, Inc."
999,Wilhelmine Cottisford,Albemarle Corporation
1000,Raddie Quinnet,"Children's Place, Inc. (The)"
